mean_fit_time,std_fit_time,mean_score_time,std_score_time,param_estimator__max_depth,param_n_estimators,params,split0_test_score,split1_test_score,split2_test_score,split3_test_score,split4_test_score,mean_test_score,std_test_score,rank_test_score
999.400853395462,14.540306784859313,7.366380643844605,0.04769643675098176,30,300,"{'estimator__max_depth': 30, 'n_estimators': 300}",0.9214285714285714,0.9307142857142857,0.9314285714285714,0.9307142857142857,0.9357142857142857,0.9299999999999999,0.0046729792096560545,1
1310.9153379917145,6.9647188630662376,9.760965251922608,0.0345533692689014,30,400,"{'estimator__max_depth': 30, 'n_estimators': 400}",0.9207142857142857,0.9314285714285714,0.9314285714285714,0.9285714285714286,0.935,0.9294285714285714,0.004810702354423645,2
1654.4620044708251,7.461224632974569,12.151531410217284,0.035662307503743,30,500,"{'estimator__max_depth': 30, 'n_estimators': 500}",0.92,0.9314285714285714,0.9307142857142857,0.93,0.935,0.9294285714285714,0.0050183337343572216,2
