mean_fit_time,std_fit_time,mean_score_time,std_score_time,param_max_depth,params,split0_test_score,split1_test_score,split2_test_score,split3_test_score,split4_test_score,mean_test_score,std_test_score,rank_test_score
18.974769639968873,0.1707600870342562,0.01074061393737793,0.0012916372553924233,8,{'max_depth': 8},0.8992857142857142,0.9014285714285715,0.9185714285714286,0.905,0.9171428571428571,0.9082857142857144,0.008038174226648693,5
20.852200555801392,0.1148079491926761,0.010183572769165039,0.0006641175605210513,9,{'max_depth': 9},0.9,0.9035714285714286,0.9271428571428572,0.9142857142857143,0.92,0.913,0.01008535005412731,3
22.958565950393677,0.19912944708087352,0.010363388061523437,0.0005006660595988533,10,{'max_depth': 10},0.9042857142857142,0.9071428571428571,0.9185714285714286,0.9128571428571428,0.9128571428571428,0.9111428571428573,0.004981598792617924,4
24.703830814361574,0.20695321255702306,0.00990915298461914,0.0004675993158065993,11,{'max_depth': 11},0.8971428571428571,0.9128571428571428,0.9228571428571428,0.9164285714285715,0.9178571428571428,0.9134285714285715,0.008752842104023077,2
26.228621387481688,0.22325047722076766,0.010613298416137696,0.001785519197253199,12,{'max_depth': 12},0.9042857142857142,0.9085714285714286,0.9271428571428572,0.9121428571428571,0.9164285714285715,0.9137142857142857,0.007816779440173989,1
