mean_fit_time,std_fit_time,mean_score_time,std_score_time,param_max_depth,params,split0_test_score,split1_test_score,split2_test_score,split3_test_score,split4_test_score,mean_test_score,std_test_score,rank_test_score
25.857228136062623,0.32529397326142384,0.010890626907348632,0.0018377402846759352,12,{'max_depth': 12},0.9042857142857142,0.9085714285714286,0.9271428571428572,0.9121428571428571,0.9164285714285715,0.9137142857142857,0.007816779440173989,1
28.324290180206297,0.3741267556573206,0.00971379280090332,0.0001942581912016308,13,{'max_depth': 13},0.895,0.9107142857142857,0.9221428571428572,0.9164285714285715,0.9185714285714286,0.9125714285714285,0.009536182439016367,2
30.178462028503418,0.19604729144610464,0.009589338302612304,0.00010238956316711095,14,{'max_depth': 14},0.8964285714285715,0.9114285714285715,0.9228571428571428,0.9128571428571428,0.9035714285714286,0.9094285714285715,0.008937424182638291,4
31.69551525115967,0.25735796782593007,0.010278034210205077,0.0010945557963728911,15,{'max_depth': 15},0.8957142857142857,0.9085714285714286,0.9221428571428572,0.9171428571428571,0.91,0.9107142857142858,0.008967059900842992,3
