mean_fit_time,std_fit_time,mean_score_time,std_score_time,param_learning_rate,param_max_depth,param_subsample,params,split0_test_score,split1_test_score,split2_test_score,split3_test_score,split4_test_score,mean_test_score,std_test_score,rank_test_score
146.03894038200377,70.55115931260983,1.1903640747070312,0.8846176745349219,0.5,3,0.5,"{'learning_rate': 0.5, 'max_depth': 3, 'subsample': 0.5}",0.9294642857142857,0.9133928571428571,,0.925,0.9285714285714286,,,6
154.7839231967926,74.14021498303215,1.1034722805023194,0.6696139463778119,0.5,3,0.7,"{'learning_rate': 0.5, 'max_depth': 3, 'subsample': 0.7}",,0.9276785714285715,0.9348214285714286,0.9303571428571429,0.9294642857142857,,,6
141.9407654285431,110.74145529053168,0.9586373805999756,0.9101405644996047,0.5,4,0.5,"{'learning_rate': 0.5, 'max_depth': 4, 'subsample': 0.5}",0.9303571428571429,0.9267857142857143,,,0.9232142857142858,,,6
217.75619955062865,9.192012186208553,1.4977581977844239,0.731211918105856,0.5,4,0.7,"{'learning_rate': 0.5, 'max_depth': 4, 'subsample': 0.7}",0.93125,0.9160714285714285,0.9321428571428572,0.9321428571428572,0.9348214285714286,0.9292857142857143,0.006714855598915436,3
152.4601336479187,2.5589411618791376,1.1458032131195068,0.454545255464688,0.1,3,0.5,"{'learning_rate': 0.1, 'max_depth': 3, 'subsample': 0.5}",0.9375,0.9160714285714285,0.9303571428571429,0.9214285714285714,0.9321428571428572,0.9275,0.007709654694615345,5
150.08346929550171,1.7406724794360748,1.029353141784668,0.36005190703366613,0.1,3,0.7,"{'learning_rate': 0.1, 'max_depth': 3, 'subsample': 0.7}",0.9375,0.925,0.93125,0.9258928571428572,0.9294642857142857,0.9298214285714286,0.004467855715427414,2
173.94667506217957,6.343651467277948,0.5581960678100586,0.09449662962046448,0.1,4,0.5,"{'learning_rate': 0.1, 'max_depth': 4, 'subsample': 0.5}",0.9339285714285714,0.9232142857142858,0.9285714285714286,0.9232142857142858,0.9375,0.9292857142857143,0.005714285714285694,3
127.56432313919068,21.954534773702374,0.27942662239074706,0.06560509535729464,0.1,4,0.7,"{'learning_rate': 0.1, 'max_depth': 4, 'subsample': 0.7}",0.9366071428571429,0.9169642857142857,0.9375,0.9303571428571429,0.9348214285714286,0.93125,0.007555069929037936,1
